Class	SMILES	PMIx	PMIy
Chromane_NPs	OC([C@H]1CC[C@]([C@]1([H])C2=O)([H])OC3=C2C=C(O)C=C3)=O	0.2890271036554	0.822494416116348
Chromane_NPs	O=C(C=C1)CC2=C1C=CC3=C2[C@@H](OC)[C@@H](OC(C(C)C)=O)C(C)(C)O3	0.306240119388914	0.799533923070307
Chromane_NPs	CC1(C)OC2=CC(CCCCC)=CC(O)=C2[C@H]3[C@H]1CCC(C)=C3	0.22437425127306	0.856598782957169
Chromane_NPs	COC(C=C1)=CC2=C1O[C@@H]3[C@H]2COC4=C(C/C=C(C)/C)C(OC)=CC=C43	0.250209021976883	0.867923948372297
Chromane_NPs	OC1=CC(OC[C@H](C2=CC=CC=C2)C3)=C3C=C1	0.115838385795065	0.958756493079083
Chromane_NPs	CC1=C(C(O)=O)C(O)=C2C(O[C@@](CC[C@]3([H])[C@]4(C)CCCC3(C)C)(C)[C@]4([H])C2)=C1	0.184972866326865	0.901948137437898
Chromane_NPs	OC1=CC(O[C@H](C2=CC=C(O)C(O)=C2)[C@@H](O)C3)=C3C(O)=C1	0.175661723717309	0.889943790791484
Chromane_NPs	OC1=C(O)C=C2C(O[C@](CC[C@]3([H])[C@]4(C)CCCC3(C)C)(C)[C@@H]4C2)=C1	0.181921678857658	0.910770597249402
Chromane_NPs	OC1=C(C)C2=C(O[C@](C)(CCC[C@@H](C)CCC[C@@H](C)CCCC(C)C)CC2)C(C)=C1C	0.127440327530449	0.973150158253813
Chromane_NPs	O=C1C2=C(O)C=CC=C2O[C@@H]3[C@@H]1OC(CC[C@@H]3C)=O	0.295376130262634	0.759856591300133
Chromane_NPs	C[C@H]1[C@H](CC([C@](C)(CC)C(OC)=O)=O)CO[C@]21OC3=C(C(O)=O)C(O)=CC4=C3[C@@H](O[C@H](CCCCC)C4)C2	0.338721921558628	0.786056562273132
Chromane_NPs	O[C@H]1[C@@H](CCCCCCC)[C@@]2(OCC3=C2C=CC=C3O)OC4=CC=CC(C(CCCCCCCC)=O)=C41	0.282641692205653	0.818591439622788
Chromane_NPs	OC1=C(C([H])=O)C(O)=C([C@@H](C2=CC=CC=C2)C3[C@@]([C@H]4C[C@H](C(C)4C)C3)(C)O5)C5=C1C([H])=O	0.451994008893871	0.648472062683451
Chromane_NPs	OC1=C(C(C2=CC=CC=C2)=O)C(O)=C(C([H])=O)C3=C1C[C@@](CCC([C@](CC4(C)C)([H])C4CC5)=C)([H])[C@]5(C)O3	0.155783269532808	0.937572411129317
Chromane_NPs	[H]C(C1=C(C([H])=O)C2=C3C(O[C@](CC/C=C(C)/C)(C)[C@@](CC[C@]4(C)O)([H])[C@]3([H])[C@@]4([H])O2)=C1)=O	0.385293072287123	0.769014828869958
Indole_NPs	[H][C@](N1CC2)(C[C@@](C(C(OC)=O)=CO[C@H]3C)([H])[C@]3([H])C1)C4=C2C5=C(N4)C=CC=C5	0.255907274143644	0.772665053506714
Indole_NPs	O[C@@](C1)(C(OC)=O)N2C3=C(C=CC=C3)C4=C2[C@@]([C@@]1(CC)CCC5)([H])N5CC4	0.503898931749976	0.661216812886615
Indole_NPs	CC1=CC2C(C(C)(C)C1)[C@](C3=CNC4=C3C=CC=C4)([H])C5=C2C(C=CC=C6)=C6N5	0.41554751061216	0.745678664961107
Indole_NPs	[H][C@@]12CC3=CNC4=C3C(C1=C[C@@H](C(N[C@]5(C(N6[C@H](C(N7CCC[C@]7([C@@]6(O5)O)[H])=O)CC8=CC=CC=C8)=O)C)=O)CN2C)=CC=C4	0.265572880459086	0.869354073926916
Indole_NPs	[H][C@@](CC[N@@](CCC1=C2NC3=C1C=CC=C3)C/4)(C2=C)C4=C/C	0.455072449361639	0.855758205024696
Indole_NPs	OC(C)(C)[C@H]1O[C@@]2([H])CC[C@]3(C)[C@]4(C)[C@@](CC5=C4NC6=C5C=CC=C6)([H])CCC3[C@]2(C)[C@H](O)C1	0.144482216236104	0.932007505071439
Indole_NPs	[H][C@@]1(N(C[C@@H](C=C12)C(O)=O)C)CC3=CNC4=C3C2=CC=C4	0.271818261842951	0.79986397541269
Indole_NPs	CCC(C12)=CC3CC1(C(OC)=O)C4=C(C5=C(N4)C=CC=C5)CCN2C3	0.361679516677772	0.826467606428647
Indole_NPs	CN(C1=C2C=CC=C1)C[C@@]2(C3=C(C(OC)=O)NC=C34)C5=C4C6=CC(Cl)=CC=C6N5	0.348010702385453	0.858291631886775
Indole_NPs	C/C=C1[C@H]2C[C@@](N(C/1)C([C@]2([H])CO)C3)([H])C4=C3C5=C(N4)C=CC=C5	0.238064293708189	0.9188208394248
Indole_NPs	O=C(C(CCC1)N1C2=O)N([C@H]2C3)[C@@H](/C=C(C)/C)C4=C3C(C=CC(OC)=C5)=C5N4	0.244421524814	0.817209513981243
Indole_NPs	CC([C@@H]1N(C2=CC=C(C3=C2C(C[C@H](NC1=O)CO)=CN3)[C@@H](C4=CNC5=C4C=CC=C5)[C@H](CO)O)C)C	0.348406077323277	0.941166619976902
Indole_NPs	C/C(C)=C\CC1=CC2=C(NC(C(C)(C)C=C)=C2C[C@@H]3NC([C@H](C)NC3=O)=O)C(C/C=C(C)/C)=C1	0.603558351828288	0.718932709669538
Indole_NPs	CC[C@]1(O)C[C@@H]2C[C@@](C3=C(OC)C=C4C([C@]56CCN7[C@H]5[C@@]([C@@H](OC(C)=O)[C@@](C(OC)=O)(O)[C@@H]6N4C=O)(CC)C=CC7)=C3)(C(OC)=O)C8=C(C9=CC=CC=C9N8)CCN(C1)C2	0.390067081160814	0.910775722076028
Indole_NPs	[H][C@@]12N(C3=C([C@@]14CCN5CC=C[C@@]([C@H]([C@@]2(C(OC)=O)O)OC(C)=O)([C@@]45[H])CC)C=C([C@@]6(C(OC)=O)C[C@@H]7CN(CCC8=C6NC9=CC=CC=C89)C[C@](CC)(C7)O)C(OC)=C3)C	0.316757235940713	0.905912267644537
ChromSynComp	O=C(SC1CC2=CC=C(OCC3(CCC4=C(O3)C(C)=C(C)C(O)=C4C)C)C=C2)NC1=O	0.157667260215102	0.955401606209283
ChromSynComp	O=C(N1)NC([C@]21CCOC3=C2C=C(F)C=C3)=O	0.465583589747813	0.721862683965844
ChromSynComp	O=C1[C@@H](C[C@H]2C(OC(C=CC=C3)=C3C2=O)=O)C(C4=CC=CC=C4O1)=O	0.243250028404685	0.977111957637057
ChromSynComp	FC1=CC=C(OC(C(O)CNCC(O)C2OC(C=CC(F)=C3)=C3CC2)CC4)C4=C1	0.212473574468792	0.872011499458599
ChromSynComp	CC1=CC=C2C(CC[C@@H](CP(O)([H])=O)O2)=C1	0.186846243838751	0.918642900808532
ChromSynComp	COCC1=C2C([C@H](CC(F)(F)C3)[C@H]3[C@H](C4=CC=C(O)C=C4)O2)=CC(O)=C1	0.409543115861369	0.717178866664714
ChromSynComp	NC(O1)=C(C#N)[C@H](C2=CC(OC)=C(OC)C(Br)=C2)C3=C1C(N)=C(N)C=C3	0.404541668366801	0.955291078180835
ChromSynComp	[H][C@]1(C2CC2)C=CC3=C(CC4=CN=C(N)N=C4N)C=C(OC)C(OC)=C3O1	0.285935828311046	0.812824732345762
ChromSynComp	CN(C)C1=CC=C(C(C2=C(C(O)=O)C=CC=C2)=C(C=C3)C4=CC3N(C)C)C(O4)=C1	0.451704616884363	0.710470147337674
ChromSynComp	C[C@H]1[C@H](C2=CC=C(O)C=C2)[C@H](C3=CC=C(OCCN4CCCC4)C=C3)OC5=C1C=C(O)C=C5	0.259836381318863	0.881038857285943
ChromSynComp	OC(COC1=CC=CC2=C1C(C=C(C(O)=O)O2)=O)COC3=CC=CC4=C3C(C=C(C(O)=O)O4)=O	0.136658931426907	0.905604904202593
ChromSynComp	CCCC1=C2N(C(C(O)=O)=CC(C2=CC3=C1OC(C(O)=O)=CC3=O)=O)CC	0.276782990074465	0.830804517024332
ChromSynComp	CC(C1=CC2=C(OC3=NC(N)=C(C(O)=O)C=C3C2=O)C=C1)C	0.132432761951041	0.896821722177215
IndoleSynCompounds	OC1=CC2=C(NC=C2CCCCN3CCC(C4=CC=CC=C4)=CC3)C=C1	0.071190283961032	0.951893523959966
IndoleSynCompounds	COC1=C(OC)C=C2C(CCN3CCN(C4=CC=CC=C4)CC3)=C(C)NC2=C1	0.200790633869646	0.905572526996265
IndoleSynCompounds	CC(C)NC1=CC=CN=C1N2CCN(CC2)C(C3=CC4=C(C=CC(NS(=O)(C)=O)=C4)N3)=O	0.128480457127157	0.962648327142323
IndoleSynCompounds	CC(NCC(COC1=CC=CC2=C1C=CN2)O)C	0.140170263378491	0.909738388099658
IndoleSynCompounds	N[C@H](C(N[C@@H](CC1=CNC2=C1C=CC=C2)C(O)=O)=O)CCC(O)=O	0.255060458251292	0.847241820839252
IndoleSynCompounds	CN1C2=C(C(C(CC2)CN3C=CN=C3C)=O)C4=CC=CC=C14	0.168430181255567	0.892840266024924
IndoleSynCompounds	CC(C1=CC2=C(C3=C(C=CC(Cl)=C3)N2)C=C1)C(O)=O	0.128197251953473	0.939492913953708
IndoleSynCompounds	O=C(N1CCN(C2=C(NCC)C=CC=N2)CC1)C(N3)=CC4=C3C=CC(OC)=C4	0.122125514183006	0.939328770523016
IndoleSynCompounds	CC1=C(CC(O)=O)C2=CC(OC)=CC=C2N1C(C3=CC=C(Cl)C=C3)=O	0.277455769968326	0.813921846061597
IndoleSynCompounds	O=C(C(C(CO)=C1/C=C/CO)=C2N1C)C(N3CC3)=CC2=O	0.215697481302997	0.815213166397346
IndoleSynCompounds	O=C(C1=C(CSC2=CC=CC=C2)N(C)C3=C1C(CN(C)C)=C(O)C(Br)=C3)OCC	0.297870507354323	0.804362081796059
IndoleSynCompounds	O=C(/C=C/C1=CC=C(CNCCC2=C(NC3=C2C=CC=C3)C)C=C1)NO	0.058902076864139	0.96888459501989
IndoleSynCompounds	[H][C@]12CC3=C([C@@H](C4=CC5=C(C=C4)OCO5)N1C(CN(C2=O)C)=O)NC6=CC=CC=C36	0.538171715271361	0.655090309957815
IndoleSynCompounds	O=C(OC1CCCC1)NC2=CC=C(NC=C3CC4=CC=C(C(NS(=O)(C5=CC=CC(C)=C5)=O)=O)C=C4OC)C3=C2	0.239198657333603	0.928527974688079
IndoleSynCompounds	CNS(=O)(CCC1=CC2=C(C=C1)NC=C2C3CCN(CC3)C)=O	0.192504956064461	0.898613288987214
PNPs	COc1ccc2nccc([C@@H](O)[C@@H]3C[C@@H]4CCN3C[C@]43CC(=O)c4ccccc4O3)c2c1	0.174941769364677	0.951744286591237
PNPs	COc1ccc2nccc([C@@H](O)[C@@H]3C[C@@H]4CCN3C[C@]43CC(=O)c4cc(Br)ccc4O3)c2c1	0.125643455904142	0.95048595123944
PNPs	COc1ccc2nccc([C@@H](O)[C@@H]3C[C@@H]4CCN3C[C@]43CC(=O)c4cc(Cl)ccc4O3)c2c1	0.15255046929776	0.966156758147982
PNPs	COc1ccc2nccc([C@@H](O)[C@@H]3C[C@@H]4CCN3C[C@]43CC(=O)c4cc(F)ccc4O3)c2c1	0.152191469918161	0.947036187972385
PNPs	COc1ccc2c(c1)O[C@]1(CC2=O)CN2CC[C@H]1C[C@H]2[C@H](O)c1ccnc2ccc(OC)cc12	0.176653843700557	0.990005426809457
PNPs	COc1cc(OC)c2c(c1)O[C@]1(CC2=O)CN2CC[C@H]1C[C@H]2[C@H](O)c1ccnc2ccc(OC)cc12	0.189369605599349	0.974737493116946
PNPs	COc1ccc2nccc([C@@H](O)[C@@H]3C[C@@H]4CCN3C[C@]43CC(=O)c4ccc(OC)c(OC)c4O3)c2c1	0.19866201881369	0.936576273645436
PNPs	COc1ccc2nccc([C@@H](O)[C@@H]3C[C@@H]4CCN3C[C@]43CC(=O)c4c(O)cccc4O3)c2c1	0.156245643663374	0.926887679976186
PNPs	COc1ccc2nccc([C@@H](O)[C@@H]3C[C@@H]4CCN3C[C@]43CC(=O)c4ccc(O)cc4O3)c2c1	0.171424316029092	0.921711850046604
PNPs	COc1ccc2nccc([C@@H](O)[C@@H]3C[C@@H]4CCN3C[C@]43CC(=O)c4cc(C)ccc4O3)c2c1	0.155498303332835	0.96164282491671
PNPs	COc1ccc2nccc([C@@H](O)[C@@H]3C[C@@H]4CCN3C[C@]43CC(=O)c4c(ccc5ccccc45)O3)c2c1	0.151407472583834	0.955239232831054
PNPs	COc1ccc2nccc([C@@H](O)[C@@H]3C[C@@H]4CCN3C[C@]43CC(=O)c4cc(NC(C)=O)ccc4O3)c2c1	0.124616205075474	0.954448896987876
PNPs	COc1ccc2nccc([C@@H](O)[C@@H]3C[C@@H]4CCN3C[C@]43CC(=O)c4cc(F)cc(F)c4O3)c2c1	0.174298276142296	0.978503034177899
PNPs	COc1ccc2nccc([C@@H](O)[C@@H]3C[C@@H]4CCN3C[C@]43CC(=O)c4cc(C)c(C)cc4O3)c2c1	0.199201086111378	0.963061521602149
PNPs	COc1ccc2nccc([C@@H](O)[C@@H]3C[C@@H]4CCN3C[C@]43CC(=O)c4cc(C)cc(C)c4O3)c2c1	0.215336364342339	0.894759017477155
PNPs	CCc1ccc2c(c1)C(=O)C[C@]1(CN3CC[C@H]1C[C@H]3[C@H](O)c1ccnc3ccc(OC)cc13)O2	0.148986135725461	0.966344747552053
PNPs	COc1ccc2nccc([C@@H](O)[C@@H]3C[C@@H]4CCN3C[C@]43CC(=O)c4ccc(OCc5ccccc5)cc4O3)c2c1	0.154676736369477	0.929116387593325
PNPs	COc1ccc2nccc([C@@H](O)[C@@H]3C[C@@H]4CCN3C[C@@]43CC(=O)c4cc(C(C)C)ccc4O3)c2c1	0.176181799472632	0.920933947913576
PNPs	COc1ccc2nccc([C@@H](O)[C@@H]3C[C@@H]4CCN3C[C@@]43CC(=O)c4ccccc4O3)c2c1	0.17858120435033	0.908808141392893
PNPs	COc1ccc2nccc([C@@H](O)[C@@H]3C[C@@H]4CCN3C[C@@]43CC(=O)c4cc(Br)ccc4O3)c2c1	0.18989707627726	0.940276105464328
PNPs	COc1ccc2nccc([C@@H](O)[C@@H]3C[C@@H]4CCN3C[C@@]43CC(=O)c4cc(F)ccc4O3)c2c1	0.184111096686227	0.90155389368053
PNPs	COc1ccc2nccc([C@@H](O)[C@@H]3C[C@@H]4CCN3C[C@@]43CC(=O)c4c(OC)cccc4O3)c2c1	0.313595520101045	0.857861392638503
PNPs	COc1ccc2c(c1)C(=O)C[C@@]1(CN3CC[C@H]1C[C@H]3[C@H](O)c1ccnc3ccc(OC)cc13)O2	0.146299046908143	0.92269164085972
PNPs	COc1ccc2c(c1)O[C@@]1(CC2=O)CN2CC[C@H]1C[C@H]2[C@H](O)c1ccnc2ccc(OC)cc12	0.376289810472281	0.860373949350233
PNPs	COc1cc(OC)c2c(c1)O[C@@]1(CC2=O)CN2CC[C@H]1C[C@H]2[C@H](O)c1ccnc2ccc(OC)cc12	0.173930322910829	0.873656641440665
PNPs	COc1ccc2nccc([C@@H](O)[C@@H]3C[C@@H]4CCN3C[C@@]43CC(=O)c4ccc(OC)c(OC)c4O3)c2c1	0.413371727491067	0.823308997976578
PNPs	COc1ccc2nccc([C@@H](O)[C@@H]3C[C@@H]4CCN3C[C@@]43CC(=O)c4c(O)cccc4O3)c2c1	0.170980163001141	0.922352272696102
PNPs	COc1ccc2nccc([C@@H](O)[C@@H]3C[C@@H]4CCN3C[C@]43CC(=O)c4cc(O)ccc4O3)c2c1	0.145296684297078	0.945985786061393
PNPs	COc1ccc2nccc([C@@H](O)[C@@H]3C[C@@H]4CCN3C[C@@]43CC(=O)c4ccc(O)cc4O3)c2c1	0.184756927697306	0.963429215344028
PNPs	COc1ccc2nccc([C@@H](O)[C@@H]3C[C@@H]4CCN3C[C@@]43CC(=O)c4ccc(O)c(C)c4O3)c2c1	0.314332897619904	0.840379038845787
PNPs	COc1ccc2nccc([C@@H](O)[C@@H]3C[C@@H]4CCN3C[C@@]43CC(=O)c4cc(C)ccc4O3)c2c1	0.184669196648982	0.923982678564163
PNPs	COc1ccc2nccc([C@@H](O)[C@@H]3C[C@@H]4CCN3C[C@@]43CC(=O)c4ccc(N5CCCC5)cc4O3)c2c1	0.223599004541082	0.809909550822733
PNPs	COc1ccc2nccc([C@@H](O)[C@@H]3C[C@@H]4CCN3C[C@@]43CC(=O)c4c(ccc5ccccc45)O3)c2c1	0.132717567002717	0.962312403663279
PNPs	COc1ccc2nccc([C@@H](O)[C@@H]3C[C@@H]4CCN3C[C@@]43CC(=O)c4ccc5ccccc5c4O3)c2c1	0.224075466915943	0.832233221833848
PNPs	COc1ccc2nccc([C@@H](O)[C@@H]3C[C@@H]4CCN3C[C@@]43CC(=O)c4cc(NC(C)=O)ccc4O3)c2c1	0.17278851467978	0.872714263098139
PNPs	COc1ccc2nccc([C@@H](O)[C@@H]3C[C@@H]4CCN3C[C@@]43CC(=O)c4cc(F)cc(F)c4O3)c2c1	0.166843967786008	0.970102814801594
PNPs	COc1ccc2nccc([C@@H](O)[C@@H]3C[C@@H]4CCN3C[C@@]43CC(=O)c4cc(C)c(C)cc4O3)c2c1	0.218862775262297	0.945770854883371
PNPs	COc1ccc2nccc([C@@H](O)[C@@H]3C[C@@H]4CCN3C[C@@]43CC(=O)c4ccc(C)cc4O3)c2c1	0.186867467344011	0.959396168330909
PNPs	COc1ccc2nccc([C@@H](O)[C@@H]3C[C@@H]4CCN3C[C@@]43CC(=O)c4cc(C)cc(C)c4O3)c2c1	0.29256527109546	0.905662205719742
PNPs	CCc1ccc2c(c1)C(=O)C[C@@]1(CN3CC[C@H]1C[C@H]3[C@H](O)c1ccnc3ccc(OC)cc13)O2	0.160058040257983	0.89026240094365
PNPs	COc1ccc2nccc([C@@H](O)[C@@H]3C[C@@H]4CCN3C[C@@]43CC(=O)c4cccc(Cl)c4O3)c2c1	0.31705720482154	0.786669590051584
PNPs	COc1ccc2nccc([C@@H](O)[C@@H]3C[C@@H]4CCN3C[C@@]43CC(=O)c4cc(Cl)c(C)cc4O3)c2c1	0.157687389602637	0.890664119235232
PNPs	COc1ccc2nccc([C@@H](O)[C@@H]3C[C@@H]4CCN3C[C@@]43CC(=O)c4c(cccc4N4CCCC4)O3)c2c1	0.214926720580914	0.949383821881471
PNPs	COc1ccc2nccc([C@@H](O)[C@@H]3C[C@@H]4CCN3C[C@@]43CC(=O)c4cccc(Br)c4O3)c2c1	0.231968223382139	0.92991536541441
PNPs	COc1ccc2nccc([C@@H](O)[C@@H]3C[C@@H]4CCN3C[C@@]43CC(=O)c4cc(Cl)cc(Br)c4O3)c2c1	0.239252649250956	0.881880959635446
PNPs	COc1ccc2nccc([C@@H](O)[C@@H]3C[C@@H]4CCN3C[C@@]43CC(=O)c4cc(Br)c(C)cc4O3)c2c1	0.147629056047982	0.951022233578046
PNPs	COc1ccc2nccc([C@H](O)[C@H]3C[C@@H]4CCN3C[C@@]43CC(=O)c4ccccc4O3)c2c1	0.352425212754823	0.777172934222077
PNPs	COc1ccc2nccc([C@H](O)[C@H]3C[C@@H]4CCN3C[C@]43CC(=O)c4c(O)cccc4O3)c2c1	0.267248568671159	0.85832906193171
PNPs	COc1ccc2nccc([C@H](O)[C@H]3C[C@@H]4CCN3C[C@]43CC(=O)c4cc(O)ccc4O3)c2c1	0.16044133506985	0.915341044110754
PNPs	COc1ccc2nccc([C@H](O)[C@H]3C[C@@H]4CCN3C[C@]43CC(=O)c4ccc(O)cc4O3)c2c1	0.182344064695167	0.899524852453539
PNPs	COc1ccc2nccc([C@H](O)[C@H]3C[C@@H]4CCN3C[C@]43CC(=O)c4c(OC)cccc4O3)c2c1	0.281538112209843	0.854993544628255
PNPs	COc1ccc2c(c1)C(=O)C[C@]1(CN3CC[C@H]1C[C@@H]3[C@@H](O)c1ccnc3ccc(OC)cc13)O2	0.323977469172074	0.885650876637555
PNPs	COc1ccc2c(c1)O[C@]1(CC2=O)CN2CC[C@H]1C[C@@H]2[C@@H](O)c1ccnc2ccc(OC)cc12	0.187642739992	0.900306267211236
PNPs	COc1ccc2nccc([C@H](O)[C@H]3C[C@@H]4CCN3C[C@]43CC(=O)c4c(ccc5ccccc45)O3)c2c1	0.234975146961117	0.902813513077058
PNPs	COc1ccc2nccc([C@H](O)[C@H]3C[C@@H]4CCN3C[C@]43CC(=O)c4ccc5ccccc5c4O3)c2c1	0.272496146795742	0.900681062506209
PNPs	COc1ccc2nccc([C@H](O)[C@H]3C[C@@H]4CCN3C[C@]43CC(=O)c4ccc(N5CCCC5)cc4O3)c2c1	0.191222145630939	0.949913799037148
PNPs	COc1ccc2nccc([C@H](O)[C@H]3C[C@@H]4CCN3C[C@]43CC(=O)c4ccc(OC)c(OC)c4O3)c2c1	0.277738634485935	0.928970567218949
PNPs	COc1ccc2nccc([C@H](O)[C@H]3C[C@@H]4CCN3C[C@]43CC(=O)c4cc(C)c(C)cc4O3)c2c1	0.224415255374564	0.882451361489835
PNPs	COc1ccc2nccc([C@H](O)[C@H]3C[C@@H]4CCN3C[C@]43CC(=O)c4cc(Br)ccc4O3)c2c1	0.133712701808514	0.954918776091671
PNPs	COc1ccc2nccc([C@H](O)[C@H]3C[C@@H]4CCN3C[C@]43CC(=O)c4cc(C)cc(C)c4O3)c2c1	0.208666459551061	0.908046866642189
PNPs	COc1ccc2nccc([C@H](O)[C@H]3C[C@@H]4CCN3C[C@]43CC(=O)c4cc(OC(F)(F)F)ccc4O3)c2c1	0.164997867747331	0.917449518048024
PNPs	COc1ccc2nccc([C@H](O)[C@H]3C[C@@H]4CCN3C[C@]43CC(=O)c4ccc(OCc5ccccc5)cc4O3)c2c1	0.136696542088002	0.919072042731044
PNPs	COc1ccc2nccc([C@H](O)[C@H]3C[C@@H]4CCN3C[C@]43CC(=O)c4cc(C(C)C)ccc4O3)c2c1	0.156921853281939	0.945699959833508
PNPs	COc1ccc2nccc([C@H](O)[C@H]3C[C@@H]4CCN3C[C@]43CC(=O)c4cc(C)ccc4O3)c2c1	0.251155222569387	0.874556320604353
PNPs	COc1ccc2nccc([C@H](O)[C@H]3C[C@@H]4CCN3C[C@]43CC(=O)c4cc(F)ccc4O3)c2c1	0.166109178202716	0.917891217111707
PNPs	COc1ccc2nccc([C@H](O)[C@H]3C[C@@H]4CCN3C[C@]43CC(=O)c4cc(Cl)ccc4O3)c2c1	0.190986291891336	0.931420528643914
PNPs	COc1ccc2nccc([C@H](O)[C@H]3C[C@@H]4CCN3C[C@]43CC(=O)c4cc(NC(C)=O)ccc4O3)c2c1	0.161415173474747	0.943777098095618
PNPs	COc1ccc2nccc([C@H](O)[C@H]3C[C@@H]4CCN3C[C@]43CC(=O)c4cc(C(F)(F)F)ccc4O3)c2c1	0.139658870596664	0.953233928917728
PNPs	CCc1ccc2c(c1)C(=O)C[C@]1(CN3CC[C@H]1C[C@@H]3[C@@H](O)c1ccnc3ccc(OC)cc13)O2	0.1579808028768	0.96841896276799
PNPs	COc1ccc2nccc([C@H](O)[C@H]3C[C@@H]4CCN3C[C@@]43CC(=O)c4c(O)cccc4O3)c2c1	0.341063045634621	0.827236285986295
PNPs	COc1ccc2nccc([C@H](O)[C@H]3C[C@@H]4CCN3C[C@@]43CC(=O)c4ccc(O)cc4O3)c2c1	0.378543158526606	0.793185957105556
PNPs	COc1ccc2nccc([C@H](O)[C@H]3C[C@@H]4CCN3C[C@@]43CC(=O)c4c(OC)cccc4O3)c2c1	0.299540382098551	0.809532528506463
PNPs	COc1ccc2c(c1)C(=O)C[C@@]1(CN3CC[C@H]1C[C@@H]3[C@@H](O)c1ccnc3ccc(OC)cc13)O2	0.199041869309377	0.87457990681069
PNPs	COc1ccc2c(c1)O[C@@]1(CC2=O)CN2CC[C@H]1C[C@@H]2[C@@H](O)c1ccnc2ccc(OC)cc12	0.393798937047833	0.744283699013262
PNPs	COc1ccc2nccc([C@H](O)[C@H]3C[C@@H]4CCN3C[C@@]43CC(=O)c4c(ccc5ccccc45)O3)c2c1	0.29425723712127	0.799254385091978
PNPs	COc1ccc2nccc([C@H](O)[C@H]3C[C@@H]4CCN3C[C@@]43CC(=O)c4ccc(OC)c(OC)c4O3)c2c1	0.426278735800647	0.796949665172294
PNPs	COc1ccc2nccc([C@H](O)[C@H]3C[C@@H]4CCN3C[C@@]43CC(=O)c4cc(C)c(C)cc4O3)c2c1	0.368839660386844	0.764170121918581
PNPs	COc1ccc2nccc([C@H](O)[C@H]3C[C@@H]4CCN3C[C@@]43CC(=O)c4cc(Br)ccc4O3)c2c1	0.195758500253055	0.9068311221238
PNPs	COc1ccc2nccc([C@H](O)[C@H]3C[C@@H]4CCN3C[C@@]43CC(=O)c4cc(C)cc(C)c4O3)c2c1	0.250449087395529	0.881293282996539
PNPs	COc1ccc2nccc([C@H](O)[C@H]3C[C@@H]4CCN3C[C@@]43CC(=O)c4cc(OC(F)(F)F)ccc4O3)c2c1	0.233987488810803	0.886506372921627
PNPs	COc1ccc2nccc([C@H](O)[C@H]3C[C@@H]4CCN3C[C@@]43CC(=O)c4ccc(OCc5ccccc5)cc4O3)c2c1	0.201437579174225	0.884647277860815
PNPs	COc1ccc2nccc([C@H](O)[C@H]3C[C@@H]4CCN3C[C@@]43CC(=O)c4cc(C(C)C)ccc4O3)c2c1	0.330530247169436	0.790419442171181
PNPs	COc1ccc2nccc([C@H](O)[C@H]3C[C@@H]4CCN3C[C@@]43CC(=O)c4cc(Cl)ccc4O3)c2c1	0.198819226893398	0.863828494986844
PNPs	COc1ccc2nccc([C@@H](O)[C@@H]3C[C@@H]4CCN3c3c4[nH]c4ccccc34)c2c1	0.228003953426117	0.921321260816498
PNPs	COc1ccc2nccc([C@@H](O)[C@@H]3C[C@@H]4CCN3c3c4[nH]c4ccc(C)cc34)c2c1	0.222157658248514	0.905779862816003
PNPs	COc1ccc2nccc([C@@H](O)[C@H]3C[C@@H]4CCN3c3c4[nH]c4ccc(Cl)cc34)c2c1	0.506250314242497	0.662627846909147
PNPs	COc1ccc2nccc([C@@H](O)[C@@H]3C[C@@H]4CCN3c3c4[nH]c4cc(Cl)ccc34)c2c1	0.266162339222461	0.875975022797621
PNPs	COc1ccc2nccc([C@@H](O)[C@@H]3C[C@@H]4CCN3c3c4[nH]c4ccc(F)cc34)c2c1	0.26250813331368	0.826241179324081
PNPs	COC(=O)c1cccc2[nH]c3c(c12)N1CC[C@H]3C[C@H]1[C@H](O)c1ccnc2ccc(OC)cc12	0.37764396313582	0.920206797173969
PNPs	COc1ccc2nccc([C@@H](O)[C@@H]3C[C@@H]4CCN3c3c4[nH]c4ccc(C(F)(F)F)cc34)c2c1	0.28879123611152	0.831568384905743
PNPs	COc1ccc2nccc([C@@H](O)[C@@H]3C[C@@H]4CCN3c3c4[nH]c4ccc([N+](=O)[O-])cc34)c2c1	0.285705044154399	0.841348795635515
PNPs	COc1ccc2nccc([C@@H](O)[C@@H]3C[C@@H]4CCN3c3c4[nH]c4cc(Br)ccc34)c2c1	0.184709783017137	0.885588893013831
PNPs	COc1ccc2nccc([C@@H](O)[C@@H]3C[C@@H]4CCN3c3c4[nH]c4ccc(OC)cc34)c2c1	0.254678146930006	0.824132131761081
PNPs	COc1ccc2nccc([C@@H](O)[C@@H]3C[C@@H]4CCN3c3c4[nH]c4cccc(Cl)c34)c2c1	0.348563165024739	0.880564586971399
PNPs	COc1ccc2nccc([C@@H](O)[C@H]3C[C@@H]4CCN3c3c4[nH]c4cccc(C)c34)c2c1	0.320237425611976	0.821436379362799
PNPs	COc1ccc2nccc([C@@H](O)[C@@H]3C[C@@H]4CCN3c3c4[nH]c4cc(C(F)(F)F)ccc34)c2c1	0.161989126363368	0.934565347281182
PNPs	COc1ccc2nccc([C@@H](O)[C@@H]3C[C@@H]4CCN3c3c4[nH]c4cc(C)ccc34)c2c1	0.220402032883568	0.908361105254305
PNPs	COc1ccc2nccc([C@@H](O)[C@@H]3C[C@@H]4CCN3c3c4[nH]c4cc(C(=O)O)ccc34)c2c1	0.197910253752548	0.879466898225303
PNPs	COc1ccc2nccc([C@@H](O)[C@@H]3C[C@@H]4CCN3c3c4[nH]c4c(OC)cccc34)c2c1	0.199427156225694	0.909341376323852
PNPs	COc1ccc2nccc([C@@H](O)[C@@H]3C[C@@H]4CCN3c3c4[nH]c4ccc(C(=O)O)cc34)c2c1	0.284622683079268	0.881321068465455
PNPs	COc1ccc2nccc([C@@H](O)[C@@H]3C[C@@H]4CCN3c3c4[nH]c4ccc(OC(F)(F)F)cc34)c2c1	0.318908142418465	0.801736798320466
PNPs	COc1ccc2nccc([C@@H](O)[C@@H]3C[C@@H]4CCN3c3c4[nH]c4c(F)cccc34)c2c1	0.235528990740688	0.883431778175842
PNPs	COc1ccc2nccc([C@@H](O)[C@@H]3C[C@@H]4CCN3c3c4[nH]c4c(Cl)cccc34)c2c1	0.181911709886891	0.90354832507328
PNPs	COC(=O)c1cc(OC)c2[nH]c3c(c2c1)N1CC[C@H]3C[C@H]1[C@H](O)c1ccnc2ccc(OC)cc12	0.232263040770444	0.868748916161432
PNPs	COc1ccc2nccc([C@@H](O)[C@@H]3C[C@@H]4CCN3c3c4[nH]c4cc(C)c(Br)cc34)c2c1	0.279366100925773	0.832877848553384
PNPs	COc1ccc2nccc([C@H](O)[C@@H]3C[C@@H]4CCN3c3c4[nH]c4ccccc34)c2c1	0.211089546035161	0.920162615838801
PNPs	COc1ccc2nccc([C@H](O)[C@H]3C[C@@H]4CCN3c3c4[nH]c4ccc(F)cc34)c2c1	0.394373093297999	0.908181416619095
PNPs	COc1ccc2nccc([C@H](O)[C@@H]3C[C@@H]4CCN3c3c4[nH]c4cc(Cl)ccc34)c2c1	0.276079089372055	0.921569550516657
PNPs	COc1ccc2nccc([C@H](O)[C@@H]3C[C@@H]4CCN3c3c4[nH]c4ccc(C)cc34)c2c1	0.373455574950916	0.783936152013466
PNPs	COC(=O)c1ccc2c3c([nH]c2c1)[C@H]1CCN3[C@@H]([C@@H](O)c2ccnc3ccc(OC)cc23)C1	0.496763224338727	0.63323280393745
PNPs	COC(=O)c1ccc2[nH]c3c(c2c1)N1CC[C@H]3C[C@@H]1[C@@H](O)c1ccnc2ccc(OC)cc12	0.331205633535943	0.765288760009265
PNPs	COc1ccc2nccc([C@H](O)[C@H]3C[C@@H]4CCN3c3c4[nH]c4ccc(C(=O)O)cc34)c2c1	0.46303306314689	0.675755728861345
PNPs	COc1ccc2nccc([C@H](O)[C@H]3C[C@@H]4CCN3c3c4[nH]c4cc(C(=O)O)ccc34)c2c1	0.456524056057459	0.711507539802579
PNPs	COc1ccc2nccc([C@H](O)[C@H]3C[C@@H]4CCN3c3c4[nH]c4cc(C(F)(F)F)ccc34)c2c1	0.227446332848969	0.82441899214247
PNPs	COc1ccc2nccc([C@H](O)[C@H]3C[C@@H]4CCN3c3c4[nH]c4c(OC)cccc34)c2c1	0.239376572407293	0.90932942276147
PNPs	COc1ccc2nccc([C@H](O)[C@H]3C[C@@H]4CCN3c3c4[nH]c4cc(C)ccc34)c2c1	0.403247464268823	0.884229830099886
PNPs	COc1ccc2nccc([C@H](O)[C@H]3C[C@@H]4CCN3c3c4[nH]c4ccc(Br)cc34)c2c1	0.259698434074409	0.859090728599957
PNPs	COc1ccc2nccc([C@H](O)[C@H]3C[C@@H]4CCN3c3c4[nH]c4ccc(C(F)(F)F)cc34)c2c1	0.309134358993233	0.778715040172505
PNPs	COc1ccc2nccc([C@H](O)[C@H]3C[C@@H]4CCN3c3c4[nH]c4ccc([N+](=O)[O-])cc34)c2c1	0.434145767265619	0.88709514828828
PNPs	COc1ccc2nccc([C@H](O)[C@H]3C[C@@H]4CCN3c3c4[nH]c4cc(Br)ccc34)c2c1	0.317871672470021	0.842965539763178
PNPs	COc1ccc2nccc([C@H](O)[C@H]3C[C@@H]4CCN3c3c4[nH]c4ccc(Cl)cc34)c2c1	0.577964809445722	0.778115042770033
PNPs	COc1ccc2nccc([C@H](O)[C@H]3C[C@@H]4CCN3c3c4[nH]c4ccc(OC)cc34)c2c1	0.438762163547742	0.669865651976798
PNPs	COc1ccc2nccc([C@H](O)[C@H]3C[C@@H]4CCN3c3c4[nH]c4cccc(Cl)c34)c2c1	0.411316842761029	0.761025491371945
PNPs	COc1ccc2nccc([C@H](O)[C@H]3C[C@@H]4CCN3c3c4[nH]c4cccc(C)c34)c2c1	0.383645292506392	0.894741029502138
PNPs	COc1ccc2c(c1O)[C@@]13CCN(C)[C@@H](C2)[C@H]1CC[C@@]1(CC(=O)c2ccccc2O1)C3	0.395446469336866	0.830742710051229
PNPs	COc1ccc2c(c1O)[C@@]13CCN(C)[C@@H](C2)[C@H]1CC[C@@]1(CC(=O)c2c(O)cccc2O1)C3	0.379942035599558	0.813334911245755
PNPs	COc1ccc2c(c1O)[C@@]13CCN(C)[C@@H](C2)[C@H]1CC[C@@]1(CC(=O)c2cc(O)ccc2O1)C3	0.393759187142263	0.868258784828662
PNPs	COc1ccc2c(c1)C(=O)C[C@@]1(CC[C@@H]3[C@@H]4Cc5ccc(OC)c(O)c5[C@]3(CCN4C)C1)O2	0.228285223248099	0.882301827226949
PNPs	COc1ccc2c(c1)O[C@]1(CC[C@@H]3[C@@H]4Cc5ccc(OC)c(O)c5[C@]3(CCN4C)C1)CC2=O	0.257793366557341	0.866930595244822
PNPs	COc1ccc2c(c1O)[C@@]13CCN(C)[C@@H](C2)[C@H]1CC[C@@]1(CC(=O)c2ccc(OC)c(OC)c2O1)C3	0.314959711110548	0.862318820006864
PNPs	COc1ccc2c(c1O)[C@@]13CCN(C)[C@@H](C2)[C@H]1CC[C@@]1(CC(=O)c2cc(C)ccc2O1)C3	0.389397549269903	0.782522215594486
PNPs	COc1ccc2c(c1O)[C@@]13CCN(C)[C@@H](C2)[C@H]1CC[C@@]1(CC(=O)c2ccc(C)cc2O1)C3	0.362769085382932	0.803601227292268
PNPs	COc1ccc2c(c1O)[C@@]13CCN(C)[C@@H](C2)[C@H]1CC[C@@]1(CC(=O)c2cc(C)c(C)cc2O1)C3	0.305062486779598	0.838086909426034
PNPs	COc1ccc2c(c1O)[C@@]13CCN(C)[C@@H](C2)[C@H]1CC[C@@]1(CC(=O)c2cc(F)ccc2O1)C3	0.341228287855156	0.824462234905877
PNPs	COc1ccc2c(c1O)[C@@]13CCN(C)[C@@H](C2)[C@H]1CC[C@@]1(CC(=O)c2ccc(N4CCCC4)cc2O1)C3	0.242737732295766	0.886797829237499
PNPs	COc1ccc2c(c1O)[C@@]13CCN(C)[C@@H](C2)[C@H]1CC[C@@]1(CC(=O)c2cc(Cl)ccc2O1)C3	0.356519194703515	0.889739697128283
PNPs	COc1ccc2c(c1O)[C@@]13CCN(C)[C@@H](C2)[C@H]1CC[C@@]1(CC(=O)c2cc(Br)ccc2O1)C3	0.170915428789458	0.908443419827125
PNPs	COc1ccc2c(c1O)[C@@]13CCN(C)[C@@H](C2)[C@H]1CC[C@@]1(CC(=O)c2c(ccc4ccccc24)O1)C3	0.306180767661397	0.880662819764288
PNPs	COc1ccc2c(c1O)[C@@]13CCN(C)[C@@H](C2)[C@H]1CC[C@@]1(CC(=O)c2cc(Cl)c(C)cc2O1)C3	0.360159302165757	0.902958902842902
PNPs	CCc1ccc2c(c1)C(=O)C[C@@]1(CC[C@@H]3[C@@H]4Cc5ccc(OC)c(O)c5[C@]3(CCN4C)C1)O2	0.311550378515448	0.838439516298772
PNPs	COc1ccc2c(c1O)[C@@]13CCN(C)[C@@H](C2)[C@H]1CC[C@@]1(CC(=O)c2cc(OCc4ccccc4)ccc2O1)C3	0.232206622854851	0.928816752517977
PNPs	COc1ccc2c(c1O)[C@@]13CCN(C)[C@@H](C2)[C@H]1CC[C@]1(CC(=O)c2ccccc2O1)C3	0.305966667832612	0.823984049275755
PNPs	COc1ccc2c(c1)C(=O)C[C@]1(CC[C@@H]3[C@@H]4Cc5ccc(OC)c(O)c5[C@]3(CCN4C)C1)O2	0.240899289499367	0.860618541325178
PNPs	COc1ccc2c(c1O)[C@@]13CCN(C)[C@@H](C2)[C@H]1CC[C@]1(CC(=O)c2cc(C)ccc2O1)C3	0.381257827150682	0.805938128313209
PNPs	COc1ccc2c(c1O)[C@@]13CCN(C)[C@@H](C2)[C@H]1CC[C@]1(CC(=O)c2ccc(C)cc2O1)C3	0.391538474714147	0.791455410678679
PNPs	COc1ccc2c(c1O)[C@@]13CCN(C)[C@@H](C2)[C@H]1CC[C@]1(CC(=O)c2cc(C)c(C)cc2O1)C3	0.266358077269005	0.842800693400223
PNPs	COc1ccc2c(c1O)[C@@]13CCN(C)[C@@H](C2)[C@H]1CC[C@]1(CC(=O)c2cc(F)ccc2O1)C3	0.381536325219539	0.806454145795078
PNPs	COc1ccc2c(c1O)[C@@]13CCN(C)[C@@H](C2)[C@H]1CC[C@]1(CC(=O)c2cc(Br)ccc2O1)C3	0.267508767031634	0.863794693337916
PNPs	COc1ccc2c(c1O)[C@@]13CCN(C)[C@@H](C2)[C@H]1CC[C@]1(CC(=O)c2c(ccc4ccccc24)O1)C3	0.221594242127273	0.869720952487048
PNPs	COc1ccc2c(c1O)[C@@]13CCN(C)[C@@H](C2)[C@H]1CC[C@]1(CC(=O)c2ccc4ccccc4c2O1)C3	0.378732598799015	0.817175177583692
PNPs	COc1ccc2c(c1O)[C@@]13CCN(C)[C@@H](C2)[C@H]1CC[C@]1(CC(=O)c2cc(Cl)c(C)cc2O1)C3	0.230807007767261	0.859036669411229
PNPs	COc1ccc2c(c1O)[C@@]13CCN(C)[C@@H](C2)[C@H]1CC[C@]1(CC(=O)c2cc(OCc4ccccc4)ccc2O1)C3	0.129332116998652	0.932826176567784
PNPs	COc1ccc2c3c1O[C@@H]1c4[nH]c5ccccc5c4C[C@@H]4[C@H](C2)N(C)CC[C@@]314	0.462664155981227	0.742213148908259
PNPs	COc1ccc2c3c1O[C@@H]1c4[nH]c5ccc(C)cc5c4C[C@@H]4[C@H](C2)N(C)CC[C@@]314	0.449182014817354	0.771805545497787
PNPs	COc1ccc2[nH]c3c(c2c1)C[C@@H]1[C@@H]2Cc4ccc(OC)c5c4[C@]1(CCN2C)[C@@H]3O5	0.390636695229486	0.810966617995722
PNPs	COc1ccc2c3c1O[C@@H]1c4[nH]c5c(C)cccc5c4C[C@@H]4[C@H](C2)N(C)CC[C@@]314	0.449364650057477	0.759468604895241
PNPs	COc1ccc2c3c1O[C@@H]1c4[nH]c5ccc(C(C)C)cc5c4C[C@@H]4[C@H](C2)N(C)CC[C@@]314	0.37070739001395	0.829955391043684
PNPs	COc1ccc2c3c1O[C@@H]1c4[nH]c5ccc(Cl)cc5c4C[C@@H]4[C@H](C2)N(C)CC[C@@]314	0.397184334881482	0.815275239419708
PNPs	COc1ccc2c3c1O[C@@H]1c4c(c5ccccc5n4-c4ccccc4)C[C@@H]4[C@H](C2)N(C)CC[C@@]314	0.522857492550692	0.840583638997783
PNPs	COc1ccc2c3c1O[C@@H]1c4[nH]c5c(C)c(C)ccc5c4C[C@@H]4[C@H](C2)N(C)CC[C@@]314	0.395554410964393	0.790184344130884
PNPs	COc1ccc2c3c1O[C@@H]1c4c(c5ccccc5n4Cc4ccccc4)C[C@@H]4[C@H](C2)N(C)CC[C@@]314	0.586893373564259	0.970040364628142
PNPs	COc1ccc2c3c1O[C@@H]1c4[nH]c5c(C)cc(C)cc5c4C[C@@H]4[C@H](C2)N(C)CC[C@@]314	0.434736144641895	0.793354886669732
PNPs	COc1ccc2c3c1O[C@@H]1c4[nH]c5c(Cl)ccc(Cl)c5c4C[C@@H]4[C@H](C2)N(C)CC[C@@]314	0.468393455742427	0.815114769478565
PNPs	COc1ccc2c3c1O[C@@H]1c4[nH]c5ccc(Oc6ccccc6)cc5c4C[C@@H]4[C@H](C2)N(C)CC[C@@]314	0.331882382161575	0.896777135754337
PNPs	COc1ccc2c3c1O[C@@H]1c4[nH]c5ccc6ccccc6c5c4C[C@@H]4[C@H](C2)N(C)CC[C@@]314	0.43386612691484	0.835401313254834
PNPs	COc1ccc2c3c1O[C@@H]1c4[nH]c5c(C)ccc(Cl)c5c4C[C@@H]4[C@H](C2)N(C)CC[C@@]314	0.489018250054033	0.792285708164764
PNPs	COc1ccc2c3c1O[C@@H]1c4[nH]c5c(F)ccc(Br)c5c4C[C@@H]4[C@H](C2)N(C)CC[C@@]314	0.49749727431893	0.807862771989671
PNPs	COc1ccc2c3c1O[C@@H]1c4[nH]c5ccc(F)cc5c4C[C@@H]4[C@H](C2)N(C)CC[C@@]314	0.42209318439123	0.787842335159389
PNPs	COc1ccc2c3c1O[C@@H]1c4[nH]c5c(ccc6ccccc65)c4C[C@@H]4[C@H](C2)N(C)CC[C@@]314	0.336169031521081	0.824930080667652
PNPs	COc1ccc2c3c1O[C@@H]1c4[nH]c5ccc(OCc6ccccc6)cc5c4C[C@@H]4[C@H](C2)N(C)CC[C@@]314	0.233009027277585	0.890097909322581
PNPs	COc1ccc2c(c1O)[C@@]13CCN(C)[C@@H](C2)[C@H]1Cc1c([nH]c2ccccc12)C3	0.506637613401861	0.744452743749736
PNPs	COc1ccc2c(c1O)[C@@]13CCN(C)[C@@H](C2)[C@H]1Cc1c([nH]c2ccc(C)cc12)C3	0.476863033701787	0.789137225997217
PNPs	COc1ccc2[nH]c3c(c2c1)C[C@@H]1[C@@H]2Cc4ccc(OC)c(O)c4[C@]1(CCN2C)C3	0.417305782560967	0.817459320538805
PNPs	COc1ccc2c(c1O)[C@@]13CCN(C)[C@@H](C2)[C@H]1Cc1c([nH]c2c(C)cccc12)C3	0.464649943896761	0.776583818659876
PNPs	COc1ccc2c(c1O)[C@@]13CCN(C)[C@@H](C2)[C@H]1Cc1c([nH]c2ccc(C(C)C)cc12)C3	0.395211140790748	0.835991958314283
PNPs	COc1ccc2c(c1O)[C@@]13CCN(C)[C@@H](C2)[C@H]1Cc1c([nH]c2ccc(Cl)cc12)C3	0.414549346691863	0.836560738407278
PNPs	COc1ccc2c(c1O)[C@@]13CCN(C)[C@@H](C2)[C@H]1Cc1c([nH]c2cc(C)cc(C)c12)C3	0.442762534851155	0.797639032230444
PNPs	COc1ccc2c(c1O)[C@@]13CCN(C)[C@@H](C2)[C@H]1Cc1c(n(Cc2ccccc2)c2ccccc12)C3	0.493014340029898	0.724415962147179
PNPs	COc1ccc2c(c1O)[C@@]13CCN(C)[C@@H](C2)[C@H]1Cc1c([nH]c2c(Cl)ccc(Cl)c12)C3	0.489688029047158	0.812036796212233
PNPs	COc1ccc2c(c1O)[C@@]13CCN(C)[C@@H](C2)[C@H]1Cc1c([nH]c2ccc(Oc4ccccc4)cc12)C3	0.242213509414864	0.91443960863546
PNPs	COc1ccc2c(c1O)[C@@]13CCN(C)[C@@H](C2)[C@H]1Cc1c([nH]c2ccc4ccccc4c12)C3	0.45883559134185	0.834705341118457
PNPs	COc1ccc2c(c1O)[C@@]13CCN(C)[C@@H](C2)[C@H]1Cc1c([nH]c2c1ccc1ccccc12)C3	0.364572773432788	0.827172163306681
PNPs	COc1ccc2c(c1O)[C@@]13CCN(C)[C@@H](C2)[C@H]1Cc1c([nH]c2ccc(OC(C)C)cc12)C3	0.336712486440999	0.871156957295575
PNPs	COc1cc(OC)c2c(c1Cl)O[C@@]1(Cc3c([nH]c4ccccc34)C[C@H]1C)C2=O	0.274345184367455	0.889602637353019
PNPs	COc1cc(OC)c2c(c1Cl)O[C@@]1(Cc3c([nH]c4ccc(C)cc34)C[C@H]1C)C2=O	0.284837231971574	0.926652465856591
PNPs	COc1cc(OC)c2c(c1Cl)O[C@@]1(Cc3c([nH]c4ccc(C(C)C)cc34)C[C@H]1C)C2=O	0.262521306474289	0.977190514787125
PNPs	COc1ccc2[nH]c3c(c2c1)C[C@@]1(Oc2c(Cl)c(OC)cc(OC)c2C1=O)[C@H](C)C3	0.280317652445372	0.952130032616001
PNPs	COc1cc(OC)c2c(c1Cl)O[C@@]1(Cc3c([nH]c4ccc(Oc5ccccc5)cc34)C[C@H]1C)C2=O	0.209748772788086	0.955878202760309
PNPs	COc1cc(OC)c2c(c1Cl)O[C@@]1(Cc3c([nH]c4ccc(OC(C)C)cc34)C[C@H]1C)C2=O	0.265327911495636	0.975044656050025
PNPs	COc1cc(OC)c2c(c1Cl)O[C@@]1(Cc3c([nH]c4ccc(OCc5ccccc5)cc34)C[C@H]1C)C2=O	0.257682858002261	0.892242089909026
PNPs	COc1cc(OC)c2c(c1Cl)O[C@@]1(Cc3c([nH]c4ccc(-c5ccccc5)cc34)C[C@H]1C)C2=O	0.28717198171324	0.946883348818362
PNPs	COc1cc(OC)c2c(c1Cl)O[C@@]1(Cc3c([nH]c4ccc(I)cc34)C[C@H]1C)C2=O	0.230311620512159	0.933591811488606
PNPs	COc1cc(OC)c2c(c1Cl)O[C@@]1(Cc3c([nH]c4ccc(Cl)cc34)C[C@H]1C)C2=O	0.289129501060434	0.961273086768147
PNPs	COc1cc(OC)c2c(c1Cl)O[C@@]1(Cc3c([nH]c4ccc(F)cc34)C[C@H]1C)C2=O	0.283050959907715	0.930275932379369
PNPs	COc1cc(OC)c2c(c1Cl)O[C@@]1(Cc3c([nH]c4ccc(OC(F)(F)F)cc34)C[C@H]1C)C2=O	0.322022287252077	0.948676241077357
PNPs	COc1cc(OC)c2c(c1Cl)O[C@@]1(Cc3c([nH]c4c(C)cccc34)C[C@H]1C)C2=O	0.224907913141701	0.953349623063783
PNPs	COc1cc(OC)c2c(c1Cl)O[C@@]1(Cc3c([nH]c4c(C)cc(C)cc34)C[C@H]1C)C2=O	0.243944600607948	0.986795007941641
PNPs	COc1cc(OC)c2c(c1Cl)O[C@@]1(Cc3c([nH]c4c(C)ccc(C)c34)C[C@H]1C)C2=O	0.240585392718863	0.970290157369088
PNPs	COc1cc(OC)c2c(c1Cl)O[C@@]1(Cc3c([nH]c4c(C)c(C)ccc34)C[C@H]1C)C2=O	0.212271112986384	0.966335122077232
PNPs	COc1cc(OC)c2c(c1Cl)O[C@@]1(Cc3c([nH]c4cc(C)cc(C)c34)C[C@H]1C)C2=O	0.261620505559379	0.923942679278643
PNPs	COc1cc(OC)c2c(c1Cl)O[C@@]1(Cc3c([nH]c4c(F)cc(F)cc34)C[C@H]1C)C2=O	0.262474509833286	0.938712179225664
PNPs	COc1cc(OC)c2c(c1Cl)O[C@@]1(Cc3c([nH]c4c(C)ccc(F)c34)C[C@H]1C)C2=O	0.269692521510698	0.923031036076636
PNPs	COc1cc(OC)c2c(c1Cl)O[C@@]1(Cc3c([nH]c4cc(F)cc(F)c34)C[C@H]1C)C2=O	0.235190032500217	0.980788142760482
PNPs	COc1cc(OC)c2c(c1Cl)O[C@@]1(Cc3c([nH]c4c(F)ccc(F)c34)C[C@H]1C)C2=O	0.237606612176702	0.973440082331424
PNPs	COc1cc(OC)c2c(c1Cl)O[C@@]1(Cc3c([nH]c4cc(Cl)cc(Cl)c34)C[C@H]1C)C2=O	0.245500586626116	0.954826902778241
PNPs	COc1cc(OC)c2c(c1Cl)O[C@@]1(Cc3c([nH]c4c(Cl)ccc(F)c34)C[C@H]1C)C2=O	0.216029056223597	0.975188442876183
PNPs	COc1cc(OC)c2c(c1Cl)O[C@@]1(Cc3c([nH]c4c(F)ccc(Br)c34)C[C@H]1C)C2=O	0.320419540039411	0.951642034881229
PNPs	COc1cc(OC)c2c(c1Cl)O[C@@]1(Cc3c([nH]c4c(F)cc(Cl)cc34)C[C@H]1C)C2=O	0.249239223524251	0.975211527456496
PNPs	COc1cc(OC)c2c(c1Cl)O[C@@]1(Cc3c([nH]c4c(F)cc(Br)cc34)C[C@H]1C)C2=O	0.272840811210496	0.976384242373822
PNPs	COc1cc(OC)c2c(c1Cl)O[C@@]1(Cc3c([nH]c4c(F)cc(Br)c(F)c34)C[C@H]1C)C2=O	0.24733109503425	0.933277783801094
PNPs	COc1cc(OC)c2c(c1Cl)O[C@@]1(Cc3c([nH]c4c3ccc3ccccc34)C[C@H]1C)C2=O	0.179203495764257	0.971392884861066
PNPs	COc1cc(OC)c2c(c1Cl)O[C@@]1(Cc3c([nH]c4ccc5ccccc5c34)C[C@H]1C)C2=O	0.282375578429195	0.952327355030982
PNPs	COc1cc(OC)c2c(c1Cl)O[C@@]1(Cc3c(n(-c4ccccc4)c4ccccc34)C[C@H]1C)C2=O	0.253556298819397	0.970686825394319
PNPs	COc1cc(OC)c2c(c1Cl)O[C@@]1(Cc3c(n(Cc4ccccc4)c4ccccc34)C[C@H]1C)C2=O	0.30954566919736	0.887245680283619
PNPs	COc1cc(OC)c2c(c1Cl)O[C@@]1(CCc3[nH]c4ccccc4c3[C@H]1C)C2=O	0.274462645133021	0.876130470984413
PNPs	COc1cc(OC)c2c(c1Cl)O[C@@]1(CCc3[nH]c4ccc(C)cc4c3[C@H]1C)C2=O	0.221181733255162	0.945230807712552
PNPs	COc1cc(OC)c2c(c1Cl)O[C@@]1(CCc3[nH]c4ccc(C(C)C)cc4c3[C@H]1C)C2=O	0.218427606981871	0.965817394888267
PNPs	COc1cc(OC)c2c(c1Cl)O[C@@]1(CCc3[nH]c4ccc(Oc5ccccc5)cc4c3[C@H]1C)C2=O	0.212416747638316	0.979157210249864
PNPs	COc1cc(OC)c2c(c1Cl)O[C@@]1(CCc3[nH]c4ccc(OC(C)C)cc4c3[C@H]1C)C2=O	0.211639849134318	0.960464136788116
PNPs	COc1cc(OC)c2c(c1Cl)O[C@@]1(CCc3[nH]c4ccc(-c5ccccc5)cc4c3[C@H]1C)C2=O	0.228709153889123	0.936453967536164
PNPs	COc1cc(OC)c2c(c1Cl)O[C@@]1(CCc3[nH]c4ccc(Cl)cc4c3[C@H]1C)C2=O	0.222169722610204	0.959539716632579
PNPs	COc1cc(OC)c2c(c1Cl)O[C@@]1(CCc3[nH]c4ccc(F)cc4c3[C@H]1C)C2=O	0.219398660128828	0.948723038586008
PNPs	COc1cc(OC)c2c(c1Cl)O[C@@]1(CCc3[nH]c4ccc(OC(F)(F)F)cc4c3[C@H]1C)C2=O	0.245634346171169	0.962942436162551
PNPs	COc1cc(OC)c2c(c1Cl)O[C@@]1(CCc3[nH]c4ccc(C(F)(F)F)cc4c3[C@H]1C)C2=O	0.218452784095177	0.960738323031935
PNPs	COc1cc(OC)c2c(c1Cl)O[C@@]1(CCc3[nH]c4c(C)c(C)ccc4c3[C@H]1C)C2=O	0.182278204152325	0.94238324126051
PNPs	COc1cc(OC)c2c(c1Cl)O[C@@]1(CCc3[nH]c4c(C)ccc(F)c4c3[C@H]1C)C2=O	0.272308567290797	0.907667936907488
PNPs	COc1cc(OC)c2c(c1Cl)O[C@@]1(CCc3[nH]c4cc(F)cc(F)c4c3[C@H]1C)C2=O	0.261467747374173	0.912131563274337
PNPs	COc1cc(OC)c2c(c1Cl)O[C@@]1(CCc3[nH]c4cc(Cl)cc(Cl)c4c3[C@H]1C)C2=O	0.180500605365362	0.925654302132886
PNPs	COc1cc(OC)c2c(c1Cl)O[C@@]1(CCc3[nH]c4c(Cl)ccc(F)c4c3[C@H]1C)C2=O	0.185397841638902	0.929495311822524
PNPs	COc1cc(OC)c2c(c1Cl)O[C@@]1(CCc3[nH]c4c(F)cc(Cl)cc4c3[C@H]1C)C2=O	0.212420333594337	0.956619268983438
PNPs	COc1cc(OC)c2c(c1Cl)O[C@@]1(CCc3[nH]c4c(F)cc(Br)cc4c3[C@H]1C)C2=O	0.278165430136357	0.984709690131135
PNPs	COc1cc(OC)c2c(c1Cl)O[C@@]1(CCc3[nH]c4c(F)cc(Br)c(F)c4c3[C@H]1C)C2=O	0.280922583655854	0.98281454231455
PNPs	COc1cc(OC)c2c(c1Cl)O[C@@]1(CCc3[nH]c4c(ccc5ccccc54)c3[C@H]1C)C2=O	0.207989443585934	0.911702994918004
PNPs	COc1cc(OC)c2c(c1Cl)OC1(CCC3(CC1C)OCCc1c3[nH]c3ccccc13)C2=O	0.18632390457887	0.886577240861201
PNPs	COc1cc(OC)c2c(c1Cl)O[C@@]1(CCC3(C[C@H]1C)OCCc1c3[nH]c3cccc(C)c13)C2=O	0.184923400039598	0.845693276343678
PNPs	COc1cc(OC)c2c(c1Cl)O[C@@]1(CCC3(C[C@H]1C)OCCc1c3[nH]c3cccc(Cl)c13)C2=O	0.161479196983467	0.875011037178855
PNPs	COc1cc(OC)c2c(c1Cl)OC1(CCC3(CC1C)OCCc1c3[nH]c3ccc(C)cc13)C2=O	0.158964174705033	0.909193646618253
PNPs	COc1ccc2[nH]c3c(c2c1)CCOC31CC[C@@]2(Oc3c(Cl)c(OC)cc(OC)c3C2=O)[C@H](C)C1	0.11293735562352	0.929376526340319
PNPs	COc1cc(OC)c2c(c1Cl)O[C@@]1(CCC3(C[C@H]1C)OCCc1c3[nH]c3ccc(Br)cc13)C2=O	0.115277524195357	0.927404656660124
PNPs	COc1cc(OC)c2c(c1Cl)O[C@@]1(CCC3(C[C@H]1C)OCCc1c3[nH]c3ccc(Cl)cc13)C2=O	0.139905690265076	0.912988872332225
PNPs	COc1cc(OC)c2c(c1Cl)O[C@@]1(CCC3(C[C@H]1C)OCCc1c3[nH]c3ccc(F)cc13)C2=O	0.168860024456756	0.887037634026776
PNPs	COc1cc(OC)c2c(c1Cl)O[C@@]1(CCC3(C[C@H]1C)OCCc1c3[nH]c3cc(C(C)C)ccc13)C2=O	0.188289345950412	0.887229936474135
PNPs	COc1cc(OC)c2c(c1Cl)O[C@@]1(CCC3(C[C@H]1C)OCCc1c3[nH]c3cc(Cl)ccc13)C2=O	0.198671635554574	0.832621181255867
PNPs	CCc1cccc2c3c([nH]c12)C1(CC[C@@]2(Oc4c(Cl)c(OC)cc(OC)c4C2=O)[C@H](C)C1)OCC3	0.157512487326647	0.89262259377918
